{"cameraMode":{"drawMode":0,"name":"Shaded","section":"Shading Mode"},"sceneLighting":false,"audioPlay":false,"sceneViewState":{"showFog":true,"showMaterialUpdate":false,"showSkybox":false,"showFlares":true,"showImageEffects":true,"showParticleSystems":true},"in2DMode":false,"pivot":{"x":-4.370232105255127,"y":1.2910139560699463,"z":4.018651962280273},"rotation":{"x":0.30562904477119448,"y":-0.1924699991941452,"z":0.06323660910129547,"w":0.9303697943687439},"size":2.2917304039001467,"orthographic":false}