{"cameraMode":{"drawMode":0,"name":"Shaded","section":"Shading Mode"},"sceneLighting":false,"audioPlay":false,"sceneViewState":{"showFog":true,"showMaterialUpdate":false,"showSkybox":false,"showFlares":true,"showImageEffects":true,"showParticleSystems":true},"in2DMode":false,"pivot":{"x":-4.000144004821777,"y":1.0967166423797608,"z":4.020044326782227},"rotation":{"x":0.30330830812454226,"y":-0.037148505449295047,"z":0.011843946762382985,"w":0.9521163105964661},"size":1.8656127452850342,"orthographic":false}